"cnt_4b1969ec1404f";"usr_0000000000";"trm_4b1968619b00b";"Congruent";"2009-12-04 11:58:36"
"cnt_4b1969ffa81fe";"usr_0000000000";"trm_4b1968619b00b";"Incongruent";"2009-12-04 11:58:55"
"cnt_4b196a106e854";"usr_0000000000";"trm_4b1968619b00b";"Neutral";"2009-12-04 11:59:12"
"cnt_4b196a25d1671";"usr_0000000000";"trm_4b1968619b00b";"Incongruent - Congruent";"2009-12-04 11:59:33"
"cnt_4b196a314e3c4";"usr_0000000000";"trm_4b1968619b00b";"Incongruent - Neutral";"2009-12-04 11:59:45"
"cnt_4b44a4d544ee7";"usr_49a467bf4e0db";"tsk_4a57abb949e1a";"Go trial";"2010-01-06 06:57:25"
"cnt_4b44a4f353f68";"usr_49a467bf4e0db";"tsk_4a57abb949e1a";"Stop trial";"2010-01-06 06:57:55"
"cnt_4b44a5321112e";"usr_49a467bf4e0db";"tsk_4a57abb949e1a";"Stop Signal Reaction Time";"2010-01-06 06:58:58"
"cnt_4b4a2f2e27574";"usr_49a467bf4e0db";"tsk_4a57abb949a93";"Go trials";"2010-01-10 11:49:02"
"cnt_4b4a2f46e2faa";"usr_49a467bf4e0db";"tsk_4a57abb949a93";"Stop trial";"2010-01-10 11:49:26"
"cnt_4b4a51b667f6c";"usr_49a467bf4e0db";"tsk_4a57abb949bcd";"0-back";"2010-01-10 14:16:22"
"cnt_4b4a538defadc";"usr_49a467bf4e0db";"trm_4b4a537644d76";"Target";"2010-01-10 14:24:13"
"cnt_4b4a53b3e9525";"usr_49a467bf4e0db";"trm_4b4a537644d76";"Nontarget";"2010-01-10 14:24:51"
"cnt_4b4a5473705db";"usr_49a467bf4e0db";"tsk_4a57abb949bcd";"1-back";"2010-01-10 14:28:03"
"cnt_4b4a5481dc0f2";"usr_49a467bf4e0db";"tsk_4a57abb949bcd";"2-back";"2010-01-10 14:28:17"
"cnt_4b4a5490f1bb4";"usr_49a467bf4e0db";"tsk_4a57abb949bcd";"3-back";"2010-01-10 14:28:32"
"cnt_4b4a54dd8d597";"usr_49a467bf4e0db";"tsk_4a57abb949bcd";"3-back minus 1-back";"2010-01-10 14:29:49"
"cnt_4b4a5f651765d";"usr_49a467bf4e0db";"tsk_4a57abb9499f1";"no delay";"2010-01-10 15:14:45"
"cnt_4b4a5f85437c2";"usr_49a467bf4e0db";"tsk_4a57abb9499f1";"delay";"2010-01-10 15:15:17"
"cnt_4b4a609f11b96";"usr_49a467bf4e0db";"tsk_4a57abb9499f1";"delay minus no delay";"2010-01-10 15:19:59"
"cnt_4b65e60a2f37a";"usr_4b64af5545a03";"trm_4b65e5e2ab3ca";"Matching";"2010-01-31 12:20:26"
"cnt_4b65e62c5351c";"usr_4b64af5545a03";"trm_4b65e5e2ab3ca";"Non-matching";"2010-01-31 12:21:00"
"cnt_4b7c0325a9f17";"usr_49a467bf4e0db";"trm_4b749b8829eee";"Segmented blocks";"2010-02-17 06:54:29"
"cnt_4b7c03351fc78";"usr_49a467bf4e0db";"trm_4b749b8829eee";"Unsegmented blocks";"2010-02-17 06:54:45"
"cnt_4b7c041db99fb";"usr_49a467bf4e0db";"trm_4b75ea4ddd896";"Difficulty Level 1";"2010-02-17 06:58:37"
"cnt_4b7c04350ce30";"usr_49a467bf4e0db";"trm_4b75ea4ddd896";"Difficulty Level 2";"2010-02-17 06:59:01"
"cnt_4b7c044e556ea";"usr_49a467bf4e0db";"trm_4b75ea4ddd896";"Difficulty Level 3";"2010-02-17 06:59:26"
"cnt_4b7c0a3329368";"usr_49a467bf4e0db";"tsk_4a57abb949f21";"First category";"2010-02-17 07:24:35"
"cnt_4b7c0aa41e7a4";"usr_49a467bf4e0db";"tsk_4a57abb949f21";"Subsequent categories";"2010-02-17 07:26:28"
"cnt_4b7c101e9b549";"usr_49a467bf4e0db";"tsk_4a57abb949f21";"Perseverative errors";"2010-02-17 07:49:50"
"cnt_4b7c1033c2b16";"usr_49a467bf4e0db";"tsk_4a57abb949f21";"Nonperseverative errors";"2010-02-17 07:50:11"
"cnt_4b7c108cc7a68";"usr_49a467bf4e0db";"tsk_4a57abb949f21";"Failure to maintain set";"2010-02-17 07:51:40"
"cnt_4b7c10b1b1de1";"usr_49a467bf4e0db";"tsk_4a57abb949f21";"Total number of categories acheived";"2010-02-17 07:52:17"
"cnt_4b82d26b480ea";"usr_4aef33d37b963";"trm_4b7497a289534";"Unsegmented blocks";"2010-02-22 10:52:27"
"cnt_4b82d27f31194";"usr_4aef33d37b963";"trm_4b7497a289534";"Segmented blocks";"2010-02-22 10:52:47"
"cnt_4b8436b57862e";"usr_4aef33d37b963";"trm_4b843655d5d75";"Congruent";"2010-02-23 12:12:37"
"cnt_4b8436c051c94";"usr_4aef33d37b963";"trm_4b843655d5d75";"Incongruent";"2010-02-23 12:12:48"
"cnt_4b8436e073769";"usr_4aef33d37b963";"trm_4b843655d5d75";"Incongruent";"2010-02-23 12:13:20"
"cnt_4bd1ebae45752";"usr_4bd1dae5124ba";"tsk_4a57abb949e8a";"Switch trial";"2010-04-23 11:49:18"
"cnt_4bd1ebdb08e17";"usr_4bd1dae5124ba";"tsk_4a57abb949e8a";"Repeat trial";"2010-04-23 11:50:03"
"cnt_4bd1ec505dd14";"usr_4bd1dae5124ba";"tsk_4a57abb949e8a";"switch trial - repeat trial = switch cost";"2010-04-23 11:52:00"
"cnt_4be6eb858054b";"usr_4b64af5545a03";"tsk_4a57abb949b38";"Words";"2010-05-09 10:06:13"
"cnt_4be6ebc7c0886";"usr_4b64af5545a03";"tsk_4a57abb949b38";"Pseudowords";"2010-05-09 10:07:19"
"cnt_4be6ec0d002ee";"usr_4b64af5545a03";"tsk_4a57abb949b38";"Consonant letter strings";"2010-05-09 10:08:28"
"cnt_4be6ec2f802fb";"usr_4b64af5545a03";"tsk_4a57abb949b38";"Fixation";"2010-05-09 10:09:03"
"cnt_4be6ec4cb064c";"usr_4b64af5545a03";"tsk_4a57abb949b38";"Words - Pseudowords";"2010-05-09 10:09:32"
"cnt_4be6ec6e29f57";"usr_4b64af5545a03";"tsk_4a57abb949b38";"Words - Consonant letter strings";"2010-05-09 10:10:06"
"cnt_4be6ec7c08a71";"usr_4b64af5545a03";"tsk_4a57abb949b38";"Words - Fixation";"2010-05-09 10:10:20"
"cnt_4c6b5fd5bfc41";"usr_49a467bf4e0db";"tsk_4a57abb949e1a";"Successful Stop Trial";"2010-08-17 21:21:41"
"cnt_4c6b600d4b80f";"usr_49a467bf4e0db";"tsk_4a57abb949e1a";"Unsuccessful stop trial";"2010-08-17 21:22:37"
"cnt_4c9961cd8a778";"usr_4aef384a4c085";"trm_4c40d2a93ea15";"d&#39;-Context";"2010-09-21 18:54:21"
"cnt_4c9970e9759d2";"usr_4aef384a4c085";"trm_4c40d2a93ea15";"beta (response criterion)";"2010-09-21 19:58:49"
"cnt_4c9974a44a920";"usr_4aef384a4c085";"trm_4c3e0add96550";"delay period distractor task";"2010-09-21 20:14:44"
"cnt_4c9975fc3078c";"usr_4aef384a4c085";"trm_4c3e0add96550";"sensory modality";"2010-09-21 20:20:28"
"cnt_4caced7c54a55";"usr_49a467bf4e0db";"tsk_4a57abb949e1a";"Successful Stop trial - Go trial";"2010-10-06 14:43:24"
"cnt_4cacee7c21792";"usr_49a467bf4e0db";"trm_4cacee4a1d875";"Gain parameter";"2010-10-06 14:47:40"
"cnt_4cacee8ad4b14";"usr_49a467bf4e0db";"trm_4cacee4a1d875";"Loss parameter";"2010-10-06 14:47:54"
"cnt_4caceed40b5b9";"usr_49a467bf4e0db";"trm_4cacee4a1d875";"Loss aversion";"2010-10-06 14:49:08"
"cnt_4cacf26718047";"usr_49a467bf4e0db";"trm_4cacf22a22d80";"Probabilistic classification trials";"2010-10-06 15:04:23"
"cnt_4cacf41109351";"usr_49a467bf4e0db";"trm_4cacf3fbc503b";"Go trials";"2010-10-06 15:11:29"
"cnt_4cacf44631b29";"usr_49a467bf4e0db";"trm_4cacf3fbc503b";"Stop-critical trial";"2010-10-06 15:12:22"
"cnt_4cacf4680bbcd";"usr_49a467bf4e0db";"trm_4cacf3fbc503b";"Stop-noncritical trial";"2010-10-06 15:12:56"
"cnt_4de53abc62d10";"usr_4de5345b3b6a8";"tsk_4a57abb94981d";"meaningless";"2011-05-31 12:00:12"
"cnt_4de53a9746a40";"usr_4de5345b3b6a8";"tsk_4a57abb94981d";"meaningful";"2011-05-31 11:59:35"
"cnt_4d949c8f3101c";"usr_49a467bf4e0db";"trm_4d949c5b0e380";"Word - baseline";"2011-03-31 08:23:59"
"cnt_4d949c9b01604";"usr_49a467bf4e0db";"trm_4d949c5b0e380";"Pseudoword - baseline";"2011-03-31 08:24:11"
"cnt_4de55b6707536";"usr_4de5345b3b6a8";"tsk_4a57abb949869";"antisaccade";"2011-05-31 14:19:35"
"cnt_4de55b77a9984";"usr_4de5345b3b6a8";"tsk_4a57abb949869";"prosaccade";"2011-05-31 14:19:51"
"cnt_4de56f49c2858";"usr_4de5345b3b6a8";"tsk_4a57abb949a0d";"forward";"2011-05-31 15:44:25"
"cnt_4de56f7a17762";"usr_4de5345b3b6a8";"tsk_4a57abb949a0d";"backward";"2011-05-31 15:45:14"
"cnt_4de5759d116f4";"usr_4de5345b3b6a8";"tsk_4a57abb94989b";"subject groups";"2011-05-31 16:11:25"
"cnt_4de575b6944bf";"usr_4de5345b3b6a8";"tsk_4a57abb949a85";"subject groups";"2011-05-31 16:11:50"
"cnt_4de5785aaade9";"usr_4de5345b3b6a8";"trm_4d559bcd67c18";"positive feedback";"2011-05-31 16:23:06"
"cnt_4de5788dbc6ec";"usr_4de5345b3b6a8";"trm_4d559bcd67c18";"negative feedback";"2011-05-31 16:23:57"
"cnt_4de57f6d43cfd";"usr_4de5345b3b6a8";"tsk_4a57abb9498ab";"Negativity Scale";"2011-05-31 16:53:17"
"cnt_4de57f7db9e97";"usr_4de5345b3b6a8";"tsk_4a57abb9498ab";"Inconsistency Scale";"2011-05-31 16:53:33"
"cnt_4de583fcb0789";"usr_4de5345b3b6a8";"tsk_4a57abb9498bc";"short form";"2011-05-31 17:12:44"
"cnt_4de584598a9c7";"usr_4de5345b3b6a8";"tsk_4a57abb9498bc";"long form";"2011-05-31 17:14:17"
"cnt_4de6716415d2d";"usr_4de5345b3b6a8";"tsk_4a57abb9498ce";"copying test";"2011-06-01 10:05:40"
"cnt_4de671af5aeb3";"usr_4de5345b3b6a8";"tsk_4a57abb9498ce";"size match";"2011-06-01 10:06:55"
"cnt_4de671d131ff9";"usr_4de5345b3b6a8";"tsk_4a57abb9498ce";"length match";"2011-06-01 10:07:29"
"cnt_4de671e75974e";"usr_4de5345b3b6a8";"tsk_4a57abb9498ce";"orientation match";"2011-06-01 10:07:51"
"cnt_4de6722368730";"usr_4de5345b3b6a8";"tsk_4a57abb9498ce";"position gap match";"2011-06-01 10:08:51"
"cnt_4de674d6a85e6";"usr_4de5345b3b6a8";"tsk_4a57abb9498ce";"overlapping figures test";"2011-06-01 10:20:22"
"cnt_4de6758abdfa5";"usr_4de5345b3b6a8";"tsk_4a57abb9498ce";"object decision";"2011-06-01 10:23:22"
"cnt_4de677aa1e1bb";"usr_4de5345b3b6a8";"tsk_4a57abb9498ce";"minimal feature match";"2011-06-01 10:32:26"
"cnt_4de67800c904a";"usr_4de5345b3b6a8";"tsk_4a57abb9498ce";"foreshortened match";"2011-06-01 10:33:52"
"cnt_4de6789784d77";"usr_4de5345b3b6a8";"tsk_4a57abb9498ce";"drawing from memory test";"2011-06-01 10:36:23"
"cnt_4de678e027440";"usr_4de5345b3b6a8";"tsk_4a57abb9498ce";"picture naming";"2011-06-01 10:37:36"
"cnt_4de6875390f37";"usr_4de5345b3b6a8";"tsk_4a57abb9498df";"percent correct (number of correct sequences/number of total sequences)";"2011-06-01 11:39:15"
"cnt_4de68ca153c38";"usr_4de5345b3b6a8";"tsk_4a57abb9498ef";"percent correct (number of correct responses/number of total pictures)";"2011-06-01 12:01:53"
"cnt_4de69a61a2545";"usr_4de5345b3b6a8";"trm_4c898a680e424";"breath-holding index (mean blood flow velocity over time)";"2011-06-01 13:00:33"
"cnt_4de6a278a7dd5";"usr_4de5345b3b6a8";"tsk_4a57abb949900";"immediate recall";"2011-06-01 13:35:04"
"cnt_4de6a2be90526";"usr_4de5345b3b6a8";"tsk_4a57abb949900";"interference";"2011-06-01 13:36:14"
"cnt_4de6a2f38a5ed";"usr_4de5345b3b6a8";"tsk_4a57abb949900";"long recall";"2011-06-01 13:37:07"
"cnt_4de6a334313b1";"usr_4de5345b3b6a8";"tsk_4a57abb949900";"recognition trial";"2011-06-01 13:38:12"
"cnt_4de6ad74bd885";"usr_4de5345b3b6a8";"tsk_4a57abb949912";"same images";"2011-06-01 14:21:56"
"cnt_4de6add395167";"usr_4de5345b3b6a8";"tsk_4a57abb949912";"novel images";"2011-06-01 14:23:31"
"cnt_4de6ae3e231dd";"usr_4de5345b3b6a8";"tsk_4a57abb949912";"novel images with noise";"2011-06-01 14:25:18"
"cnt_4de6b5d032f89";"usr_4de5345b3b6a8";"trm_4d54b2cc0f943";"correct answers times probability of each color";"2011-06-01 14:57:36"
"cnt_4de6b69d1e765";"usr_4de5345b3b6a8";"trm_4d54b2cc0f943";"ratio";"2011-06-01 15:01:01"
"cnt_4de6b87a44743";"usr_4de5345b3b6a8";"tsk_4a57abb949923";"total correct responses for all categories";"2011-06-01 15:08:58"
"cnt_4de6bfac7a994";"usr_4de5345b3b6a8";"tsk_4a57abb949934";"stimulus";"2011-06-01 15:39:40"
"cnt_4de6bfdf5905a";"usr_4de5345b3b6a8";"tsk_4a57abb949934";"non-stimulus";"2011-06-01 15:40:31"
"cnt_4de6c00e51eda";"usr_4de5345b3b6a8";"tsk_4a57abb949934";"right hand";"2011-06-01 15:41:18"
"cnt_4de6c02033259";"usr_4de5345b3b6a8";"tsk_4a57abb949934";"left hand";"2011-06-01 15:41:36"
"cnt_4de6c3b459269";"usr_4de5345b3b6a8";"tsk_4a57abb949879";"response to first stimulus";"2011-06-01 15:56:52"
"cnt_4de6c3c82d46d";"usr_4de5345b3b6a8";"tsk_4a57abb949879";"magnitude of response to second stimulus";"2011-06-01 15:57:12"
"cnt_4de6c5f53e708";"usr_4de5345b3b6a8";"trm_4d55a2bbcfdff";"risky option";"2011-06-01 16:06:29"
"cnt_4de6c62e9b5da";"usr_4de5345b3b6a8";"trm_4d55a2bbcfdff";"non-risky option";"2011-06-01 16:07:26"
"cnt_4de6c84f74508";"usr_4de5345b3b6a8";"trm_4c898acd1f28e";"conditioned stimulus";"2011-06-01 16:16:31"
"cnt_4de6c8bbe6734";"usr_4de5345b3b6a8";"trm_4c898acd1f28e";"unconditioned stimulus";"2011-06-01 16:18:19"
"cnt_4de6c945846f2";"usr_4de5345b3b6a8";"trm_4c898acd1f28e";"unconditioned response";"2011-06-01 16:20:37"
"cnt_4de6c9842dbbe";"usr_4de5345b3b6a8";"trm_4c898acd1f28e";"conditioned response";"2011-06-01 16:21:40"
"cnt_4de6d03ae67ac";"usr_4de5345b3b6a8";"tsk_4a57abb9499a8";"formulating sentences subtest";"2011-06-01 16:50:18"
"cnt_4de6d066cb97a";"usr_4de5345b3b6a8";"tsk_4a57abb9499a8";"recalling sentences subtest";"2011-06-01 16:51:02"
"cnt_4de6d0d5790a3";"usr_4de5345b3b6a8";"tsk_4a57abb9499a8";"sentence structure subtest";"2011-06-01 16:52:53"
"cnt_4de6d1194349d";"usr_4de5345b3b6a8";"tsk_4a57abb9499a8";"concepts and directions subtest";"2011-06-01 16:54:01"
"cnt_4de6d1650c739";"usr_4de5345b3b6a8";"tsk_4a57abb9499a8";"word classes subtest";"2011-06-01 16:55:17"
"cnt_4de6d2747197f";"usr_4de5345b3b6a8";"tsk_4a57abb9499a8";"word structure subtest";"2011-06-01 16:59:48"
"cnt_4de6d30243eb5";"usr_4de5345b3b6a8";"tsk_4a57abb9499a8";"standard deviation";"2011-06-01 17:02:10"
"cnt_4de6d42855dcd";"usr_4de5345b3b6a8";"tsk_4a57abb9499a8";"semantic relationships subtest";"2011-06-01 17:07:04"
"cnt_4de6d45dd9ceb";"usr_4de5345b3b6a8";"tsk_4a57abb9499a8";"sentence assembly subtest";"2011-06-01 17:07:57"
"cnt_4de7b92a0ce43";"usr_4de5345b3b6a8";"tsk_4a57abb9499b8";"accuracy";"2011-06-02 09:24:10"
"cnt_4e5e7ca787237";"usr_4e4a7f57b30e6";"trm_4e5e7ac84c2e5";"Stimulation at PT+1.3Â°C minus Baseline";"2011-08-31 11:25:43"
"cnt_4e5e7c8b11873";"usr_4e4a7f57b30e6";"trm_4e5e7ac84c2e5";"Stimulation at PT+0.7Â°C minus Baseline";"2011-08-31 11:25:15"
"cnt_4de7c5b19456f";"usr_4de5345b3b6a8";"tsk_4a57abb9499c7";"number of false positives";"2011-06-02 10:17:37"
"cnt_4de7c5df194ea";"usr_4de5345b3b6a8";"tsk_4a57abb9499c7";"number of false negatives (missed words)";"2011-06-02 10:18:23"
"cnt_4de7c6ae5a2a1";"usr_4de5345b3b6a8";"tsk_4a57abb9499c7";"number of correct identifications";"2011-06-02 10:21:50"
"cnt_4de7d07b4366d";"usr_4de5345b3b6a8";"trm_4c898b29660b0";"hit rate (number of correct recognitions)";"2011-06-02 11:03:39"
"cnt_4de7d0972591c";"usr_4de5345b3b6a8";"trm_4c898b29660b0";"false alarm rate (number of incorrect recognitions)";"2011-06-02 11:04:07"
"cnt_4de7d0b31ce2e";"usr_4de5345b3b6a8";"trm_4c898b29660b0";"miss rate (number of items subject failed to recognize)";"2011-06-02 11:04:35"
"cnt_4de7d854ceb50";"usr_4de5345b3b6a8";"tsk_4a57abb9499d5";"number or value of rewards times probability of reward";"2011-06-02 11:37:08"
"cnt_4de7d90024fe4";"usr_4de5345b3b6a8";"tsk_4a57abb9499d5";"money earned";"2011-06-02 11:40:00"
"cnt_4de7d90ca34da";"usr_4de5345b3b6a8";"tsk_4a57abb9499d5";"probability of highest reward";"2011-06-02 11:40:12"
"cnt_4de7dc695fabb";"usr_4de5345b3b6a8";"trm_4c898b4b463aa";"hider";"2011-06-02 11:54:33"
"cnt_4de7dcca346d1";"usr_4de5345b3b6a8";"trm_4c898b4b463aa";"guesser";"2011-06-02 11:56:10"
"cnt_4de7ddfb129a6";"usr_4de5345b3b6a8";"trm_4c898b4b463aa";"object occlusion and misinformation scores";"2011-06-02 12:01:15"
"cnt_4de7de54cdce7";"usr_4de5345b3b6a8";"trm_4c898b4b463aa";"accuracy";"2011-06-02 12:02:44"
"cnt_4de7e52cd0ad6";"usr_4de5345b3b6a8";"trm_4c898b8c2d071";"valid";"2011-06-02 12:31:56"
"cnt_4de7e54b3b8d8";"usr_4de5345b3b6a8";"trm_4c898b8c2d071";"invalid";"2011-06-02 12:32:27"
"cnt_4de90fe2177d0";"usr_4de5345b3b6a8";"tsk_4a57abb9499e3";"reaction time to correct stimuli";"2011-06-03 09:46:26"
"cnt_4de919cf2b2bd";"usr_4de5345b3b6a8";"tsk_4a57abb9499ff";"d&#39;";"2011-06-03 10:28:47"
"cnt_4de91cc952b43";"usr_4de5345b3b6a8";"trm_4d559d2703bae";"positive feedback";"2011-06-03 10:41:29"
"cnt_4de91ce5f279a";"usr_4de5345b3b6a8";"trm_4d559d2703bae";"negative feedback";"2011-06-03 10:41:57"
"cnt_4de929a613652";"usr_4de5345b3b6a8";"tsk_4a57abb949a25";"immediate memory copy";"2011-06-03 11:36:22"
"cnt_4de929f98367a";"usr_4de5345b3b6a8";"tsk_4a57abb949a25";"general memory copy";"2011-06-03 11:37:45"
"cnt_4de92b983089e";"usr_4de5345b3b6a8";"tsk_4a57abb949a25";"digit/symbol coding - symbol copy";"2011-06-03 11:44:40"
"cnt_4de93a6779688";"usr_4de5345b3b6a8";"trm_4c898bbab4fd4";"response time and accuracy";"2011-06-03 12:47:51"
"cnt_4de93d2864ae9";"usr_4de5345b3b6a8";"tsk_4a57abb949a33";"verbal recall (people test)";"2011-06-03 12:59:36"
"cnt_4de93ddadf379";"usr_4de5345b3b6a8";"tsk_4a57abb949a33";"visual recognition (doors test)";"2011-06-03 13:02:34"
"cnt_4de93e2a13bb5";"usr_4de5345b3b6a8";"tsk_4a57abb949a33";"visual recall (shapes test)";"2011-06-03 13:03:54"
"cnt_4de93e831c09d";"usr_4de5345b3b6a8";"tsk_4a57abb949a33";"verbal recognition (names test)";"2011-06-03 13:05:23"
"cnt_4de948beb7f3c";"usr_4de5345b3b6a8";"trm_4c898be57fcbc";"overall similarity to intended picture";"2011-06-03 13:49:02"
"cnt_4de95d2ff1462";"usr_4de5345b3b6a8";"trm_4c898a8fd3afb";"muscle control";"2011-06-03 15:16:15"
"cnt_4de95f0aa8476";"usr_4de5345b3b6a8";"trm_4c898c0786246";"amount consumed";"2011-06-03 15:24:10"
"cnt_4de963f853b03";"usr_4de5345b3b6a8";"tsk_4a57abb949a41";"sum of strength scores x sum of items per hand";"2011-06-03 15:45:12"
"cnt_4de968d88e3d3";"usr_4de5345b3b6a8";"trm_4c898c33ee5f8";"# items remembered with encoding task - number remembered without";"2011-06-03 16:06:00"
"cnt_4de96cd8c9aad";"usr_4de5345b3b6a8";"trm_4c898c8bf1b4f";"number of correct identifications";"2011-06-03 16:23:04"
"cnt_4decfedb91973";"usr_4de5345b3b6a8";"tsk_4a57abb949a4f";"congruent";"2011-06-06 09:22:51"
"cnt_4decff04d5cb5";"usr_4de5345b3b6a8";"tsk_4a57abb949a4f";"incongruent";"2011-06-06 09:23:32"
"cnt_4decff6567821";"usr_4de5345b3b6a8";"tsk_4a57abb949a4f";"incongruent response time - congruent response time";"2011-06-06 09:25:09"
"cnt_4ded050f2e7f1";"usr_4de5345b3b6a8";"tsk_4a57abb949a5d";"average number of trials per pattern change";"2011-06-06 09:49:19"
"cnt_4ded127195273";"usr_4de5345b3b6a8";"tsk_4a57abb949a6a";"emotion detection";"2011-06-06 10:46:25"
"cnt_4ded129f8c996";"usr_4de5345b3b6a8";"tsk_4a57abb949a6a";"identity detection";"2011-06-06 10:47:11"
"cnt_4ded1fc8db0c2";"usr_4de5345b3b6a8";"tsk_4a57abb949a78";"score";"2011-06-06 11:43:20"
"cnt_4ded2a911252c";"usr_4de5345b3b6a8";"trm_4c898f079d05e";"% rhythm maintainance";"2011-06-06 12:29:21"
"cnt_4ded2aa1ea79d";"usr_4de5345b3b6a8";"trm_4c898f079d05e";"tap speed";"2011-06-06 12:29:37"
"cnt_4ded2ba5e3681";"usr_4de5345b3b6a8";"trm_4c898f079d05e";"rhythm tap";"2011-06-06 12:33:57"
"cnt_4ded2bceeda6b";"usr_4de5345b3b6a8";"trm_4c898f079d05e";"time tap";"2011-06-06 12:34:38"
"cnt_4ded3a95a6098";"usr_4de5345b3b6a8";"trm_4c898f72228f3";"fixation time below maximum degree of eye movement";"2011-06-06 13:37:41"
"cnt_4ded3b16cdb74";"usr_4de5345b3b6a8";"trm_4c898f72228f3";"degree of eye movement";"2011-06-06 13:39:50"
"cnt_4ded480d5aec0";"usr_4de5345b3b6a8";"tsk_4a57abb949a85";"length of longest correct sequence";"2011-06-06 14:35:09"
"cnt_4ded4b345f82a";"usr_4de5345b3b6a8";"trm_4c898fc6722f4";"emotion manipulation";"2011-06-06 14:48:36"
"cnt_4ded4b7c49083";"usr_4de5345b3b6a8";"trm_4c898fc6722f4";"category list";"2011-06-06 14:49:48"
"cnt_4ded4dc5b5118";"usr_4de5345b3b6a8";"tsk_4a57abb949a93";"stop minus go";"2011-06-06 14:59:33"
"cnt_4ded518b33a0b";"usr_4de5345b3b6a8";"trm_4c898ff0bea97";"response time";"2011-06-06 15:15:39"
"cnt_4ded51930eba6";"usr_4de5345b3b6a8";"trm_4c898ff0bea97";"kinematics";"2011-06-06 15:15:47"
"cnt_4ded542c8c4f8";"usr_4de5345b3b6a8";"tsk_4a57abb949aa1";"sum of rate, accuracy, fluency, and comprehension scaled scores";"2011-06-06 15:26:52"
"cnt_4ded60eb3a50f";"usr_4de5345b3b6a8";"tsk_4a57abb949aae";"accuracy";"2011-06-06 16:21:15"
"cnt_4dee50b24d8c4";"usr_4de5345b3b6a8";"trm_4c899005b11d5";"real task time minus imagined task time";"2011-06-07 09:24:18"
"cnt_4dee50d11696f";"usr_4de5345b3b6a8";"trm_4c899005b11d5";"real task areas of activation minus imagined task areas of activation";"2011-06-07 09:24:49"
"cnt_4dee50e19a0a5";"usr_4de5345b3b6a8";"trm_4c899005b11d5";"real task effort minus imagined task effort";"2011-06-07 09:25:05"
"cnt_4dee551d3a46b";"usr_4de5345b3b6a8";"trm_4c89903149aeb";"real visual areas of activation minus imagined task areas of activation";"2011-06-07 09:43:09"
"cnt_4dee593ebfcc7";"usr_4de5345b3b6a8";"trm_4c89903149aeb";"physical representation of imagined object";"2011-06-07 10:00:46"
"cnt_4dee5f41244cc";"usr_4de5345b3b6a8";"tsk_4a57abb949abc";"number or percentage of words remembered";"2011-06-07 10:26:25"
"cnt_4dee7fcd869e8";"usr_4de5345b3b6a8";"trm_4d8a48e403c78";"accuracy of participant minus average accuracy of controls";"2011-06-07 12:45:17"
"cnt_4deeb0951bd72";"usr_4de5345b3b6a8";"tsk_4a57abb949aca";"arousal in response to picture minus baseline arousal";"2011-06-07 16:13:25"
"cnt_4deff762a9fb7";"usr_4de5345b3b6a8";"tsk_4a57abb949ad7";"accuracy of subject minus average accuracy of controls";"2011-06-08 15:27:46"
"cnt_4df108c45e041";"usr_4de5345b3b6a8";"tsk_4a57abb949a5d";"accuracy of subject minus average accuracy of controls";"2011-06-09 10:54:12"
"cnt_4df10c8ee9834";"usr_4de5345b3b6a8";"tsk_4a57abb949ae5";"response time for risky decks minus response time for advantageous decks";"2011-06-09 11:10:22"
"cnt_4df10d2fb170f";"usr_4de5345b3b6a8";"tsk_4a57abb949ae5";"accuracy of subject minus average accuracy of controls";"2011-06-09 11:13:03"
"cnt_4df10f9cbd86c";"usr_4de5345b3b6a8";"tsk_4a57abb949af3";"number of plates read correctly by controls with normal color vision minus number of plates read correctly by subject";"2011-06-09 11:23:24"
"cnt_4df114130545a";"usr_4de5345b3b6a8";"tsk_4a57abb949af3";"Transformation plates";"2011-06-09 11:42:27"
"cnt_4df1143e30adb";"usr_4de5345b3b6a8";"tsk_4a57abb949af3";"Vanishing plates";"2011-06-09 11:43:10"
"cnt_4df11498b1933";"usr_4de5345b3b6a8";"tsk_4a57abb949af3";"Hidden Digits plates";"2011-06-09 11:44:40"
"cnt_4df118fd720dd";"usr_4de5345b3b6a8";"trm_4c8990480ad0f";"MVC minus baseline";"2011-06-09 12:03:25"
"cnt_4df133a20d8da";"usr_4de5345b3b6a8";"tsk_4a57abb949b00";"reaction time to figures minus reaction time to Kanizsa figures";"2011-06-09 13:57:06"
"cnt_4df133b48842d";"usr_4de5345b3b6a8";"tsk_4a57abb949b00";"accuracy of participant minus average accuracy of controls";"2011-06-09 13:57:24"
"cnt_4df13aaa3f2be";"usr_4de5345b3b6a8";"trm_4c40d4054f38b";"accuracy of subject minus average accuracy of controls";"2011-06-09 14:27:06"
"cnt_4df13d6084e80";"usr_4de5345b3b6a8";"tsk_4a57abb949b0e";"standard deviation from the mean population score in the language of the participant";"2011-06-09 14:38:40"
"cnt_4df1456d05cab";"usr_4de5345b3b6a8";"tsk_4a57abb949b2b";"accuracy of participant minus average accuracy of age-matched controls";"2011-06-09 15:13:01"
"cnt_4df1585e55f60";"usr_4de5345b3b6a8";"trm_4c3e0a9576c3b";"longest correct sequence of controls minus longest correct sequence of subject";"2011-06-09 16:33:50"
"cnt_4df24f7376278";"usr_4de5345b3b6a8";"trm_4c40d1d16071e";"size of subject sentence set minus average size of sentence set of control subjects";"2011-06-10 10:08:03"
"cnt_4df25f35f17e3";"usr_4de5345b3b6a8";"tsk_4a57abb949b54";"subject score minus average normal score";"2011-06-10 11:15:17"
"cnt_4df2609ceae39";"usr_4de5345b3b6a8";"tsk_4a57abb949b54";"Contamination/Cleaning";"2011-06-10 11:21:16"
"cnt_4df260fd670ea";"usr_4de5345b3b6a8";"tsk_4a57abb949b54";"Checking";"2011-06-10 11:22:53"
"cnt_4df26137bc72d";"usr_4de5345b3b6a8";"tsk_4a57abb949b54";"Slowness";"2011-06-10 11:23:51"
"cnt_4df261fc3cd71";"usr_4de5345b3b6a8";"tsk_4a57abb949b54";"Doubting";"2011-06-10 11:27:08"
"cnt_4df26493887a0";"usr_4de5345b3b6a8";"trm_4c8990810541d";"average male score minus average female score";"2011-06-10 11:38:11"
"cnt_4df265ff04368";"usr_4de5345b3b6a8";"trm_4c8990810541d";"areas of activation during task minus baseline";"2011-06-10 11:44:15"
"cnt_4df26816e1c98";"usr_4de5345b3b6a8";"trm_4b9568b2865c2";"subject score minus population-matched average score";"2011-06-10 11:53:10"
"cnt_4df289c4c46fa";"usr_4de5345b3b6a8";"trm_4c89909cc1f33";"areas of activation during task minus baseline";"2011-06-10 14:16:52"
"cnt_4df28c7e2f855";"usr_4de5345b3b6a8";"tsk_4a57abb949bb1";"participant score minus average score";"2011-06-10 14:28:30"
"cnt_4df2917218780";"usr_4de5345b3b6a8";"tsk_4a57abb949bbf";"accuracy of participant minus average accuracy of controls";"2011-06-10 14:49:38"
"cnt_4df2918824fb9";"usr_4de5345b3b6a8";"tsk_4a57abb949bbf";"longest correct sequence of controls minus longest correct sequence of subject";"2011-06-10 14:50:00"
"cnt_4df293d2889cb";"usr_4de5345b3b6a8";"trm_4cacee4a1d875";"number of choices with greater chance of loss than gain minus number of choices with greater chance of gain than loss";"2011-06-10 14:59:46"
"cnt_4df298c596941";"usr_4de5345b3b6a8";"trm_4c8990b07a037";"Comprehension";"2011-06-10 15:20:53"
"cnt_4df298fddce13";"usr_4de5345b3b6a8";"trm_4c8990b07a037";"Production";"2011-06-10 15:21:49"
"cnt_4df29910c149e";"usr_4de5345b3b6a8";"trm_4c8990b07a037";"areas of activation during task minus baseline";"2011-06-10 15:22:08"
"cnt_4df29978d4002";"usr_4de5345b3b6a8";"trm_4c8990b07a037";"accuracy of subject minus average accuracy of controls";"2011-06-10 15:23:52"
"cnt_4df29e99a47ae";"usr_4de5345b3b6a8";"tsk_4a57abb949bdb";"standard deviation from the mean score";"2011-06-10 15:45:45"
"cnt_4df29eca27ab5";"usr_4de5345b3b6a8";"tsk_4a57abb949bdb";"time to complete task with non-dominant hand minus time to complete task with dominant hand";"2011-06-10 15:46:34"
"cnt_4df2a238dd66b";"usr_4de5345b3b6a8";"trm_4c8990f59266f";"areas of activation during task minus baseline";"2011-06-10 16:01:12"
"cnt_4df2a27d637b3";"usr_4de5345b3b6a8";"trm_4c8990f59266f";"average rating of sensation minus subject rating of sensation ";"2011-06-10 16:02:21"
"cnt_4df2a4307daec";"usr_4de5345b3b6a8";"trm_4c8990f59266f";"rating of sensation minus baseline";"2011-06-10 16:09:36"
"cnt_4df2a4cb64388";"usr_4de5345b3b6a8";"trm_4c89910b7f8bc";"average rating of sensation minus subject rating of sensation";"2011-06-10 16:12:11"
"cnt_4df2a4d2ecac9";"usr_4de5345b3b6a8";"trm_4c89910b7f8bc";"areas of activation during task minus baseline";"2011-06-10 16:12:18"
"cnt_4df2a4de25215";"usr_4de5345b3b6a8";"trm_4c89910b7f8bc";"rating of sensation minus baseline";"2011-06-10 16:12:30"
"cnt_4df663cf4ea8a";"usr_4de5345b3b6a8";"tsk_4a57abb949be9";"d&#39; (difference between correct identifications and false alarms)";"2011-06-13 12:23:59"
"cnt_4df66400663ec";"usr_4de5345b3b6a8";"tsk_4a57abb949be9";"accuracy of participant minus average accuracy of controls";"2011-06-13 12:24:48"
"cnt_4df66a33d6b43";"usr_4de5345b3b6a8";"tsk_4a57abb949bf6";"ERP strength minus baseline";"2011-06-13 12:51:15"
"cnt_4df66a407cc2e";"usr_4de5345b3b6a8";"tsk_4a57abb949bf6";"areas of activation during task minus baseline";"2011-06-13 12:51:28"
"cnt_4df66a5dec65d";"usr_4de5345b3b6a8";"tsk_4a57abb949bf6";"accuracy of participant minus average accuracy of controls";"2011-06-13 12:51:57"
"cnt_4df67df7aaaea";"usr_4de5345b3b6a8";"trm_4c89912c79030";"average accuracy of controls minus accuracy of participant";"2011-06-13 14:15:35"
"cnt_4df6818a8bcec";"usr_4de5345b3b6a8";"trm_4c40d10cd776e";"operation span of participant minus average operation span of controls";"2011-06-13 14:30:50"
"cnt_4df685e797da2";"usr_4de5345b3b6a8";"trm_4c89913f80802";"average accuracy of controls minus accuracy of participant";"2011-06-13 14:49:27"
"cnt_4df689d409dec";"usr_4de5345b3b6a8";"trm_4c8991c5beb0a";"average rating of sensation minus subject rating of sensation";"2011-06-13 15:06:12"
"cnt_4df689e663ffe";"usr_4de5345b3b6a8";"trm_4c8991c5beb0a";"areas of activation during task minus baseline";"2011-06-13 15:06:30"
"cnt_4df689fe846de";"usr_4de5345b3b6a8";"trm_4c8991c5beb0a";"subject rating during task minus subject baseline rating";"2011-06-13 15:06:54"
"cnt_4df68cac967cc";"usr_4de5345b3b6a8";"trm_4c8991e6e8597";"accuracy of participant minus average accuracy of controls";"2011-06-13 15:18:20"
"cnt_4df6974d8c674";"usr_4de5345b3b6a8";"tsk_4a57abb949c04";"subject&#39;s pantomime ability compared to controls";"2011-06-13 16:03:41"
"cnt_4df69a929ce35";"usr_4de5345b3b6a8";"trm_4c8991fadfe01";"areas of activation during task minus baseline";"2011-06-13 16:17:38"
"cnt_4df69aa85f4ee";"usr_4de5345b3b6a8";"trm_4c8991fadfe01";"BOLD activity during task minus baseline";"2011-06-13 16:18:00"
"cnt_4df69c712873f";"usr_4de5345b3b6a8";"trm_4c899211a965c";"areas of activation during task minus baseline";"2011-06-13 16:25:37"
"cnt_4df69c7742c35";"usr_4de5345b3b6a8";"trm_4c899211a965c";"BOLD activity during task minus baseline";"2011-06-13 16:25:43"
"cnt_4df6a3169f42a";"usr_4de5345b3b6a8";"trm_4c89922cb6402";"accuracy of participant minus average accuracy of controls";"2011-06-13 16:53:58"
"cnt_4df6a77053b3f";"usr_4de5345b3b6a8";"tsk_4a57abb949cfb";"accuracy of participant minus average accuracy of age-matched controls";"2011-06-13 17:12:32"
"cnt_4df7af3c32a49";"usr_4de5345b3b6a8";"trm_4c89924414c69";"accuracy of participant minus average accuracy of controls";"2011-06-14 11:58:04"
"cnt_4df7bfc72c237";"usr_4de5345b3b6a8";"trm_4c89926767870";"standard deviation of error";"2011-06-14 13:08:39"
"cnt_4df8e1f29b788";"usr_4de5345b3b6a8";"tsk_4a57abb949d17";"Uncued";"2011-06-15 09:46:42"
"cnt_4df8e24a62cc8";"usr_4de5345b3b6a8";"tsk_4a57abb949d17";"Congruent Cue";"2011-06-15 09:48:10"
"cnt_4df8e2760df07";"usr_4de5345b3b6a8";"tsk_4a57abb949d17";"Incongruent Cue";"2011-06-15 09:48:54"
"cnt_4df8e29765d7b";"usr_4de5345b3b6a8";"tsk_4a57abb949d17";"incongruent response time - congruent response time";"2011-06-15 09:49:27"
"cnt_4df8e2af408ed";"usr_4de5345b3b6a8";"tsk_4a57abb949d17";"congruent response time - uncued response time";"2011-06-15 09:49:51"
"cnt_4df8e8f10f33a";"usr_4de5345b3b6a8";"trm_4cacf22a22d80";"proportion of correct responses across all trials minus proportion correct on early trials";"2011-06-15 10:16:33"
"cnt_4df8e900881cf";"usr_4de5345b3b6a8";"trm_4cacf22a22d80";"accuracy of participant minus average accuracy of controls";"2011-06-15 10:16:48"
"cnt_4df8ef730f4cb";"usr_4de5345b3b6a8";"trm_4d54b61a14a14";"gains minus losses";"2011-06-15 10:44:19"
"cnt_4df8ef7a8d7c3";"usr_4de5345b3b6a8";"trm_4d54b61a14a14";"accuracy of participant minus average accuracy of controls";"2011-06-15 10:44:26"
"cnt_4df8fae1e604a";"usr_4de5345b3b6a8";"tsk_4a57abb949d25";"Word";"2011-06-15 11:33:05"
"cnt_4df8fb518c099";"usr_4de5345b3b6a8";"tsk_4a57abb949d25";"Morphologically Decomposable Pseudowords";"2011-06-15 11:34:57"
"cnt_4df8fb9e0224f";"usr_4de5345b3b6a8";"tsk_4a57abb949d25";"Morphologically Non-decomposable Pseudowords";"2011-06-15 11:36:14"
"cnt_4df8fc0a76f53";"usr_4de5345b3b6a8";"tsk_4a57abb949d25";"Response time to morphologically non-decomposable pseudowords minus response time to morphologically decomposable psuedowords";"2011-06-15 11:38:02"
"cnt_4df8fc1e54759";"usr_4de5345b3b6a8";"tsk_4a57abb949d25";"response time to pseudowords minus response time to words";"2011-06-15 11:38:22"
"cnt_4df9011fa1f5b";"usr_4de5345b3b6a8";"tsk_4a57abb949d32";"accuracy of participant minus average accuracy of controls";"2011-06-15 11:59:43"
"cnt_4df9015bcfad3";"usr_4de5345b3b6a8";"tsk_4a57abb949d32";"accuracy during task minus accuracy of some baseline test (like matching)";"2011-06-15 12:00:43"
"cnt_4df914f00dd42";"usr_4de5345b3b6a8";"trm_4b86c2e871b14";"standard deviation from the mean time";"2011-06-15 13:24:16"
"cnt_4df91d85ed597";"usr_4de5345b3b6a8";"trm_4b86dbcd8ff78";"ERP strength minus baseline";"2011-06-15 14:00:53"
"cnt_4df91dc172a88";"usr_4de5345b3b6a8";"trm_4b86dbcd8ff78";"accuracy during task minus accuracy of some baseline test (e.g. only one pattern)";"2011-06-15 14:01:53"
"cnt_4df91dd29b1c6";"usr_4de5345b3b6a8";"trm_4b86dbcd8ff78";"accuracy of participant minus average accuracy of controls";"2011-06-15 14:02:10"
"cnt_4df928c85f523";"usr_4de5345b3b6a8";"trm_4c40d168898db";"reading span of participant minus average reading span of controls";"2011-06-15 14:48:56"
"cnt_4df92bccc5ae1";"usr_4de5345b3b6a8";"tsk_4a57abb949d40";"d&#39; (difference between correct identifications and false alarms)";"2011-06-15 15:01:48"
"cnt_4df938dc89175";"usr_4de5345b3b6a8";"tsk_4a57abb949d4e";"standard deviation from the mean accuracy score";"2011-06-15 15:57:32"
"cnt_4df9397fa59bd";"usr_4de5345b3b6a8";"tsk_4a57abb949d4e";"accuracy of participant minus average accuracy of controls";"2011-06-15 16:00:15"
"cnt_4df93a3c9bd2c";"usr_4de5345b3b6a8";"tsk_4a57abb949d4e";"gains minus losses";"2011-06-15 16:03:24"
"cnt_4dfa36c40f3a1";"usr_4de5345b3b6a8";"trm_4d949c5b0e380";"Pseudoword - word";"2011-06-16 10:00:52"
"cnt_4dfa3bb649f8a";"usr_4de5345b3b6a8";"tsk_4a57abb949d5b";"frequency of selecting the safe choice (20) minus frequency of selecting risky choices (40 and 80)";"2011-06-16 10:21:58"
"cnt_4dfa3e4d70781";"usr_4de5345b3b6a8";"tsk_4a57abb949d69";"listening span of participant minus average listening span";"2011-06-16 10:33:01"
"cnt_4dfa3ebab2930";"usr_4de5345b3b6a8";"tsk_4a57abb949d69";"listening comprehension of participant minus average listening comprehension";"2011-06-16 10:34:50"
"cnt_4dfa3ef2bcbf0";"usr_4de5345b3b6a8";"tsk_4a57abb949d69";"listening span with comprehension questions minus listening span without";"2011-06-16 10:35:46"
"cnt_4dfa3f0edd3d4";"usr_4de5345b3b6a8";"tsk_4a57abb949d69";"listening comprehension with listening span task minus listening comprehension without";"2011-06-16 10:36:14"
"cnt_4dfa42ba0f7c2";"usr_4de5345b3b6a8";"trm_4b75ea4ddd896";"Accuracy on level 3 minus accuracy on level 1";"2011-06-16 10:51:54"
"cnt_4dfa42dddd062";"usr_4de5345b3b6a8";"trm_4b75ea4ddd896";"Overall accuracy of participant minus average accuracy";"2011-06-16 10:52:29"
"cnt_4dfa46d8c1622";"usr_4de5345b3b6a8";"tsk_4a57abb949d76";"response time with competing stimuli minus response time with a single stimuli or congruent stimuli";"2011-06-16 11:09:28"
"cnt_4dfa4752a1120";"usr_4de5345b3b6a8";"tsk_4a57abb949d76";"accuracy with a single stimuli or congruent stimuli minus accuracy with competing stimuli ";"2011-06-16 11:11:30"
"cnt_4dfa523d45d5b";"usr_4de5345b3b6a8";"trm_4c40d325977f0";"accuracy of participant minus average accuracy of controls";"2011-06-16 11:58:05"
"cnt_4dfa6ad39f546";"usr_4de5345b3b6a8";"tsk_4a57abb949d84";"Semantically correct";"2011-06-16 13:42:59"
"cnt_4dfa6b1c622b1";"usr_4de5345b3b6a8";"tsk_4a57abb949d84";"Semantically anomalous";"2011-06-16 13:44:12"
"cnt_4dfa6bad0c724";"usr_4de5345b3b6a8";"tsk_4a57abb949d84";"d&#39; (difference between correct identifications and false alarms)";"2011-06-16 13:46:37"
"cnt_4dfa6be222aa7";"usr_4de5345b3b6a8";"tsk_4a57abb949d84";"accuracy on semantically anomalous sentences minus accuracy on semantically correct sentences";"2011-06-16 13:47:30"
"cnt_4dfa704eaedf9";"usr_4de5345b3b6a8";"tsk_4a57abb949d92";"ERP for related stimuli minus ERP for unrelated stimuli";"2011-06-16 14:06:22"
"cnt_4dfa709c313b1";"usr_4de5345b3b6a8";"tsk_4a57abb949d92";"accuracy of participant minus average accuracy of controls";"2011-06-16 14:07:40"
"cnt_4dfa71f0c9d32";"usr_4de5345b3b6a8";"tsk_4a57abb949d92";"Semantically associated items";"2011-06-16 14:13:20"
"cnt_4dfa7237ec1f0";"usr_4de5345b3b6a8";"tsk_4a57abb949d92";"Semantically unrelated items";"2011-06-16 14:14:31"
"cnt_4dfa7d117d48f";"usr_4de5345b3b6a8";"trm_4c8a83cac75f5";"accuracy with learning minus accuracy without learning/practice";"2011-06-16 15:00:49"
"cnt_4dfa7d1ad09a6";"usr_4de5345b3b6a8";"trm_4c8a83cac75f5";"accuracy of participant minus average accuracy of controls";"2011-06-16 15:00:58"
"cnt_4dfa8214869b9";"usr_4de5345b3b6a8";"tsk_4a57abb949dad";"accuracy of participant minus average accuracy of controls";"2011-06-16 15:22:12"
"cnt_4dfa838286e12";"usr_4de5345b3b6a8";"tsk_4a57abb949dad";"perservative errors minus nonperservative errors";"2011-06-16 15:28:18"
"cnt_4dfa889b33ecf";"usr_4de5345b3b6a8";"tsk_4a57abb949dbb";"Congruent Cue";"2011-06-16 15:50:03"
"cnt_4dfa891db4cf7";"usr_4de5345b3b6a8";"tsk_4a57abb949dbb";"Incongruent Cue";"2011-06-16 15:52:13"
"cnt_4dfa893ade336";"usr_4de5345b3b6a8";"tsk_4a57abb949dbb";"incongruent response time - congruent response time";"2011-06-16 15:52:42"
"cnt_4dfa89596184f";"usr_4de5345b3b6a8";"tsk_4a57abb949dbb";"accuracy to congruent cues minus accuracy to incongruent cues";"2011-06-16 15:53:13"
"cnt_4dfa9088a6739";"usr_4de5345b3b6a8";"tsk_4a57abb949dc8";"accuracy of participant minus average accuracy of controls";"2011-06-16 16:23:52"
"cnt_4dfa90af8345d";"usr_4de5345b3b6a8";"tsk_4a57abb949dc8";"reaction time of participant minus average reaction time of controls";"2011-06-16 16:24:31"
"cnt_4dfa90c46cf46";"usr_4de5345b3b6a8";"tsk_4a57abb949dc8";"reaction time after some manipulation minus reaction time at baseline";"2011-06-16 16:24:52"
"cnt_4dfa93ee97bc8";"usr_4de5345b3b6a8";"tsk_4a57abb949dd6";"d&#39; (difference between correct identifications and false alarms)";"2011-06-16 16:38:22"
"cnt_4dfa94d49dc90";"usr_4de5345b3b6a8";"tsk_4a57abb949dd6";"accuracy of recognition minus accuracy of source identification";"2011-06-16 16:42:12"
"cnt_4dfb9a322c52f";"usr_4de5345b3b6a8";"tsk_4a57abb949df1";"0-back";"2011-06-17 11:17:22"
"cnt_4dfb9a75a2cff";"usr_4de5345b3b6a8";"tsk_4a57abb949df1";"1-back";"2011-06-17 11:18:29"
"cnt_4dfb9ab8d70ce";"usr_4de5345b3b6a8";"tsk_4a57abb949df1";"2-back";"2011-06-17 11:19:36"
"cnt_4dfb9af098602";"usr_4de5345b3b6a8";"tsk_4a57abb949df1";"3-back";"2011-06-17 11:20:32"
"cnt_4dfb9b0719363";"usr_4de5345b3b6a8";"tsk_4a57abb949df1";"3-back minus 0-back";"2011-06-17 11:20:55"
"cnt_4dfba830d0974";"usr_4de5345b3b6a8";"tsk_4a57abb949dfe";"difference between scores at different times of administration";"2011-06-17 12:17:04"
"cnt_4dfba849ece4c";"usr_4de5345b3b6a8";"tsk_4a57abb949dfe";"participant score minus average score";"2011-06-17 12:17:29"
"cnt_4dfba87cdaf19";"usr_4de5345b3b6a8";"tsk_4a57abb949dfe";"Trait Anxiety ";"2011-06-17 12:18:20"
"cnt_4dfba8b046120";"usr_4de5345b3b6a8";"tsk_4a57abb949dfe";"State Anxiety";"2011-06-17 12:19:12"
"cnt_4dfbaef575808";"usr_4de5345b3b6a8";"tsk_4a57abb949e0c";"accuracy of participant minus average accuracy of controls";"2011-06-17 12:45:57"
"cnt_4dfbaf2722de5";"usr_4de5345b3b6a8";"tsk_4a57abb949e0c";"accuracy of immediate recognition test minus accuracy of delayed test";"2011-06-17 12:46:47"
"cnt_4dfbaf4e94f96";"usr_4de5345b3b6a8";"tsk_4a57abb949e0c";"average response time";"2011-06-17 12:47:26"
"cnt_4dfbb16a6335e";"usr_4de5345b3b6a8";"tsk_4a57abb949e27";"Congruent";"2011-06-17 12:56:26"
"cnt_4dfbb1aa371fc";"usr_4de5345b3b6a8";"tsk_4a57abb949e27";"Incongruent";"2011-06-17 12:57:30"
"cnt_4dfbb1f51259f";"usr_4de5345b3b6a8";"tsk_4a57abb949e27";"incongruent minus congruent";"2011-06-17 12:58:45"
"cnt_4dfbcad0d0f28";"usr_4de5345b3b6a8";"tsk_4a57abb949e35";"the examiner&#39;s evaluation";"2011-06-17 14:44:48"
"cnt_4dfbd05eb07d6";"usr_4de5345b3b6a8";"trm_4c8a840d6f969";"emotional rating to picture stimuli minus emotional rating to neutral baseline picture";"2011-06-17 15:08:30"
"cnt_4dfbd65810a40";"usr_4de5345b3b6a8";"tsk_4a57abb949e44";"substitution speed minus copy speed";"2011-06-17 15:34:00"
"cnt_4dfbd9e47c418";"usr_4de5345b3b6a8";"tsk_4a57abb949e5b";"standard deviation from the mean score";"2011-06-17 15:49:08"
"cnt_4dfbe08944a96";"usr_4de5345b3b6a8";"tsk_4a57abb949e7c";"accuracy of participant minus average accuracy of controls";"2011-06-17 16:17:29"
"cnt_4dff7fcf1b8a2";"usr_4de5345b3b6a8";"trm_4c8a842512a33";"accuracy of participant minus average accuracy of controls";"2011-06-20 10:13:51"
"cnt_4dff8003a6b0a";"usr_4de5345b3b6a8";"trm_4c8a842512a33";"Plausible Sentences";"2011-06-20 10:14:43"
"cnt_4dff8030b7e41";"usr_4de5345b3b6a8";"trm_4c8a842512a33";"Implausible Snetences";"2011-06-20 10:15:28"
"cnt_4dff80aec63b6";"usr_4de5345b3b6a8";"trm_4c8a842512a33";"response time to implausible sentences minus response time to plausible sentences";"2011-06-20 10:17:34"
"cnt_4dff8603c1398";"usr_4de5345b3b6a8";"trm_4c8a843d8d352";"response time to second stimulus minus response time to first stimulus";"2011-06-20 10:40:19"
"cnt_4dff865de2859";"usr_4de5345b3b6a8";"trm_4c8a843d8d352";"precision of participant minus precision of controls";"2011-06-20 10:41:49"
"cnt_4dff92a9d5875";"usr_4de5345b3b6a8";"tsk_4a57abb949e98";"areas of activation during task minus baseline";"2011-06-20 11:34:17"
"cnt_4dff93d462d38";"usr_4de5345b3b6a8";"tsk_4a57abb949e98";"standard deviation of k (discounting)";"2011-06-20 11:39:16"
"cnt_4dff9a6e99c08";"usr_4de5345b3b6a8";"tsk_4a57abb949ea5";"standard deviation from the mean score";"2011-06-20 12:07:26"
"cnt_4dffaa78530b6";"usr_4de5345b3b6a8";"trm_4c8a8467304e2";"average score minus participant&#39;s score";"2011-06-20 13:15:52"
"cnt_4dffb483c4c3f";"usr_4de5345b3b6a8";"tsk_4a57abb949eb3";"participant score minus average score of non-smoking controls";"2011-06-20 13:58:43"
"cnt_4dffb49d604fa";"usr_4de5345b3b6a8";"tsk_4a57abb949eb3";"average score of smoking controls minus participant score";"2011-06-20 13:59:09"
"cnt_4dffb78e1edc6";"usr_4de5345b3b6a8";"trm_4c8a84825c4e4";"accuracy of participant minus average accuracy of controls";"2011-06-20 14:11:42"
"cnt_4dffb9c632156";"usr_4de5345b3b6a8";"tsk_4a57abb949ec0";"ANOVA of time by age group";"2011-06-20 14:21:10"
"cnt_4dffcba5c2efd";"usr_4de5345b3b6a8";"trm_4c8a8497df574";"MEPs during stimulation minus baseline";"2011-06-20 15:37:25"
"cnt_4dffcea990109";"usr_4de5345b3b6a8";"trm_4b86c473a7166";"Single Number";"2011-06-20 15:50:17"
"cnt_4dffcee92f400";"usr_4de5345b3b6a8";"trm_4b86c473a7166";"Single Geometric Form";"2011-06-20 15:51:21"
"cnt_4dffd0380146f";"usr_4de5345b3b6a8";"trm_4b86c473a7166";"Single Nonsense Letter";"2011-06-20 15:56:56"
"cnt_4dffd0991b237";"usr_4de5345b3b6a8";"trm_4b86c473a7166";"Gestalt Figure";"2011-06-20 15:58:33"
"cnt_4dffd0f56b850";"usr_4de5345b3b6a8";"trm_4b86c473a7166";"Single Letter";"2011-06-20 16:00:05"
"cnt_4dffd14b5b0b3";"usr_4de5345b3b6a8";"trm_4b86c473a7166";"Single Letter in Syllable Context";"2011-06-20 16:01:31"
"cnt_4dffd181cb7da";"usr_4de5345b3b6a8";"trm_4b86c473a7166";"Two Letters";"2011-06-20 16:02:25"
"cnt_4dffd1dbec4b1";"usr_4de5345b3b6a8";"trm_4b86c473a7166";"Sequence of Geometric Forms";"2011-06-20 16:03:55"
"cnt_4dffd2399ebc0";"usr_4de5345b3b6a8";"trm_4b86c473a7166";"Four-Letter Nonsense Syllable (Unpronounceable)";"2011-06-20 16:05:29"
"cnt_4dffd280187c6";"usr_4de5345b3b6a8";"trm_4b86c473a7166";"Four-Letter Nonsense Syllable (Pronounceable)";"2011-06-20 16:06:40"
"cnt_4dffd2bac8005";"usr_4de5345b3b6a8";"trm_4b86c473a7166";"Four-Letter Word";"2011-06-20 16:07:38"
"cnt_4dffd3273f13e";"usr_4de5345b3b6a8";"trm_4b86c473a7166";"Unspaced Four-Letter Word";"2011-06-20 16:09:27"
"cnt_4dffd35b101cb";"usr_4de5345b3b6a8";"trm_4b86c473a7166";"Single Number (Second Time)";"2011-06-20 16:10:19"
"cnt_4dffd4ed38b03";"usr_4de5345b3b6a8";"trm_4b86c473a7166";"# correct minus # incorrect/30 or 60 seconds";"2011-06-20 16:17:01"
"cnt_4dffdbbb010e1";"usr_4de5345b3b6a8";"tsk_4a57abb949ece";"standard deviation from the mean score";"2011-06-20 16:46:03"
"cnt_4dffdbd8c48f7";"usr_4de5345b3b6a8";"tsk_4a57abb949ece";"ANOVA of of score by disease timecourse";"2011-06-20 16:46:32"
"cnt_4dffdeb36edc5";"usr_4de5345b3b6a8";"trm_4af89b3a925ca";"average time of men minus average time of women";"2011-06-20 16:58:43"
"cnt_4dffded7a9be2";"usr_4de5345b3b6a8";"trm_4af89b3a925ca";"participant&#39;s time minus average time";"2011-06-20 16:59:19"
"cnt_4dffdf0929a7b";"usr_4de5345b3b6a8";"trm_4af89b3a925ca";"areas of activation during task minus baseline";"2011-06-20 17:00:09"
"cnt_4e00ccaa100fd";"usr_4de5345b3b6a8";"trm_4c8a84afdd863";"accuracy of participant minus average accuracy of controls";"2011-06-21 09:54:02"
"cnt_4e00e397017e2";"usr_4de5345b3b6a8";"tsk_4a57abb949edb";"accuracy of participant minus average accuracy of controls";"2011-06-21 11:31:51"
"cnt_4e00fd3de3b0a";"usr_4de5345b3b6a8";"trm_4c8a84f20dde2";"d&#39; (difference between correct identifications and false alarms)";"2011-06-21 13:21:17"
"cnt_4e00fd62beac3";"usr_4de5345b3b6a8";"trm_4c8a84f20dde2";"reaction time after some manipulation minus reaction time at baseline";"2011-06-21 13:21:54"
"cnt_4e00ffaa486fa";"usr_4de5345b3b6a8";"trm_4c8a84f20dde2";"path of eye movements";"2011-06-21 13:31:38"
"cnt_4e0101e7e8898";"usr_4de5345b3b6a8";"trm_4c8a85534241d";"d&#39; (difference between correct identifications and false alarms)";"2011-06-21 13:41:11"
"cnt_4e0104905eaa1";"usr_4de5345b3b6a8";"trm_4c8a85534241d";"frequency of participant&#39;s saccades minus average saccade frequency";"2011-06-21 13:52:32"
"cnt_4e0104d85693b";"usr_4de5345b3b6a8";"trm_4c8a85534241d";"path of eye movements";"2011-06-21 13:53:44"
"cnt_4e010aebbc19d";"usr_4de5345b3b6a8";"tsk_4a57abb949ee9";"Congruent Cue";"2011-06-21 14:19:39"
"cnt_4e010b0c971d5";"usr_4de5345b3b6a8";"tsk_4a57abb949ee9";"Incongruent Cue";"2011-06-21 14:20:12"
"cnt_4e010b32b9f74";"usr_4de5345b3b6a8";"tsk_4a57abb949ee9";"reaction time to incongruent cues minus reaction time to congruent cues";"2011-06-21 14:20:50"
"cnt_4e0112e7d3bca";"usr_4de5345b3b6a8";"tsk_4a57abb949ef7";"RMW";"2011-06-21 14:53:43"
"cnt_4e011301aee39";"usr_4de5345b3b6a8";"tsk_4a57abb949ef7";"RMF";"2011-06-21 14:54:09"
"cnt_4e01131ba65a7";"usr_4de5345b3b6a8";"tsk_4a57abb949ef7";"RMW minus RMF";"2011-06-21 14:54:35"
"cnt_4e0113430ffad";"usr_4de5345b3b6a8";"tsk_4a57abb949ef7";"participant score minus average score";"2011-06-21 14:55:15"
"cnt_4e011a8762e55";"usr_4de5345b3b6a8";"trm_4b94affc43245";"Matrix Reasoning";"2011-06-21 15:26:15"
"cnt_4e011aded6b9e";"usr_4de5345b3b6a8";"trm_4b94affc43245";"Block Design";"2011-06-21 15:27:42"
"cnt_4e011afe30540";"usr_4de5345b3b6a8";"trm_4b94affc43245";"Similarities";"2011-06-21 15:28:14"
"cnt_4e011b28cebdc";"usr_4de5345b3b6a8";"trm_4b94affc43245";"Vocabulary";"2011-06-21 15:28:56"
"cnt_4e011cb5c3e85";"usr_4de5345b3b6a8";"trm_4b94affc43245";"participant IQ minus average IQ";"2011-06-21 15:35:33"
"cnt_4e0125dc5bc09";"usr_4de5345b3b6a8";"tsk_4a57abb949f12";"Information";"2011-06-21 16:14:36"
"cnt_4e01261c45db8";"usr_4de5345b3b6a8";"tsk_4a57abb949f12";"Digit Span";"2011-06-21 16:15:40"
"cnt_4e01263d51c93";"usr_4de5345b3b6a8";"tsk_4a57abb949f12";"Vocabulary";"2011-06-21 16:16:13"
"cnt_4e012662da2d7";"usr_4de5345b3b6a8";"tsk_4a57abb949f12";"Arithmetic";"2011-06-21 16:16:50"
"cnt_4e01268a18f79";"usr_4de5345b3b6a8";"tsk_4a57abb949f12";"Comprehension";"2011-06-21 16:17:30"
"cnt_4e0126b9ec56b";"usr_4de5345b3b6a8";"tsk_4a57abb949f12";"Similarities";"2011-06-21 16:18:17"
"cnt_4e0126dc131ec";"usr_4de5345b3b6a8";"tsk_4a57abb949f12";"Picture Completion";"2011-06-21 16:18:52"
"cnt_4e012702f0951";"usr_4de5345b3b6a8";"tsk_4a57abb949f12";"Picture Arrangement";"2011-06-21 16:19:30"
"cnt_4e012722eeb57";"usr_4de5345b3b6a8";"tsk_4a57abb949f12";"Block Design";"2011-06-21 16:20:02"
"cnt_4e01278c5e632";"usr_4de5345b3b6a8";"tsk_4a57abb949f12";"Digit Symbol";"2011-06-21 16:21:48"
"cnt_4e0127abddfeb";"usr_4de5345b3b6a8";"tsk_4a57abb949f12";"Object Assembly";"2011-06-21 16:22:19"
"cnt_4e0129ab22608";"usr_4de5345b3b6a8";"tsk_4a57abb949f12";"Verbal IQ minus Performance IQ";"2011-06-21 16:30:51"
"cnt_4e0129bf96513";"usr_4de5345b3b6a8";"tsk_4a57abb949f12";"participant IQ minus average IQ";"2011-06-21 16:31:11"
"cnt_4e012e2269d7d";"usr_4de5345b3b6a8";"trm_4b94b12bf0eb2";"Vocabulary";"2011-06-21 16:49:54"
"cnt_4e012e64947cf";"usr_4de5345b3b6a8";"trm_4b94b12bf0eb2";"Information";"2011-06-21 16:51:00"
"cnt_4e012f7ba05e2";"usr_4de5345b3b6a8";"trm_4b94b12bf0eb2";"Logical Memory";"2011-06-21 16:55:39"
"cnt_4e012fc0a6d05";"usr_4de5345b3b6a8";"trm_4b94b12bf0eb2";"Verbal Paired Associates";"2011-06-21 16:56:48"
"cnt_4e01302681cd3";"usr_4de5345b3b6a8";"trm_4b94b12bf0eb2";"Designs";"2011-06-21 16:58:30"
"cnt_4e01306ba8db6";"usr_4de5345b3b6a8";"trm_4b94b12bf0eb2";"Visual Reproduction";"2011-06-21 16:59:39"
"cnt_4e013090c4cf1";"usr_4de5345b3b6a8";"trm_4b94b12bf0eb2";"Spatial Addition";"2011-06-21 17:00:16"
"cnt_4e0130c979bf1";"usr_4de5345b3b6a8";"trm_4b94b12bf0eb2";"Symbol Span";"2011-06-21 17:01:13"
"cnt_4e01329cad8aa";"usr_4de5345b3b6a8";"trm_4b94b12bf0eb2";"participant score minus average score";"2011-06-21 17:09:00"
"cnt_4e0133e4d4fe1";"usr_4de5345b3b6a8";"trm_4b94b12bf0eb2";"immediate score minus delayed score";"2011-06-21 17:14:28"
"cnt_4e0181c976a19";"usr_4de5345b3b6a8";"trm_4c8a8575d1e55";"areas of activation during task minus baseline";"2011-06-21 22:46:49"
"cnt_4e0182336c9cc";"usr_4de5345b3b6a8";"trm_4c8a8575d1e55";"response time of subject minus response time of controls";"2011-06-21 22:48:35"
"cnt_4e0219a2de6be";"usr_4de5345b3b6a8";"trm_4b86c55f3d5df";"participant score minus average score";"2011-06-22 09:34:42"
"cnt_4e022a9861397";"usr_4de5345b3b6a8";"tsk_4a57abb949f2f";"reading comprehension age minus real age";"2011-06-22 10:47:04"
"cnt_4e022d7430161";"usr_4de5345b3b6a8";"tsk_4a57abb949f3d";"number of words divided by time";"2011-06-22 10:59:16"
"cnt_4e02302350f17";"usr_4de5345b3b6a8";"tsk_4a57abb949f3d";"areas of activation during task minus baseline";"2011-06-22 11:10:43"
"cnt_4e0232312c822";"usr_4de5345b3b6a8";"tsk_4a57abb949f3d";"ERP strength minus baseline";"2011-06-22 11:19:29"
"cnt_4e02368e6d840";"usr_4de5345b3b6a8";"tsk_4a57abb949f4a";"perceptual identification";"2011-06-22 11:38:06"
"cnt_4e0236b247798";"usr_4de5345b3b6a8";"tsk_4a57abb949f4a";"lexical decision";"2011-06-22 11:38:42"
"cnt_4e023794e822b";"usr_4de5345b3b6a8";"tsk_4a57abb949f4a";"response time to known words minus (or learned words) response time to unknown words";"2011-06-22 11:42:28"
"cnt_4e0237aa75286";"usr_4de5345b3b6a8";"tsk_4a57abb949f4a";"response time to pseudowords minus response time to words";"2011-06-22 11:42:50"
"cnt_4e0237ba58871";"usr_4de5345b3b6a8";"tsk_4a57abb949f4a";"accuracy of participant minus average accuracy of controls";"2011-06-22 11:43:06"
"cnt_4e023b95e5100";"usr_4de5345b3b6a8";"tsk_4a57abb949f4a";"latency identification";"2011-06-22 11:59:33"
"cnt_4e023c2ae3c76";"usr_4de5345b3b6a8";"tsk_4a57abb949f4a";"primed identification";"2011-06-22 12:02:02"
"cnt_4e02433a9f223";"usr_4de5345b3b6a8";"trm_4c8a858da803d";"areas of activation during task minus baseline";"2011-06-22 12:32:10"
"cnt_4e0243468cb6f";"usr_4de5345b3b6a8";"trm_4c8a858da803d";"ERP strength minus baseline";"2011-06-22 12:32:22"
"cnt_4e0244a565d7c";"usr_4de5345b3b6a8";"trm_4c8a858da803d";"BOLD activity during task minus baseline";"2011-06-22 12:38:13"
"cnt_4e0253808fe82";"usr_4de5345b3b6a8";"trm_4c8a85a4564b2";"areas of activation during covert minus areas of activation during overt";"2011-06-22 13:41:36"
"cnt_4e02539674407";"usr_4de5345b3b6a8";"trm_4c8a85a4564b2";"accuracy of participant minus average accuracy of controls";"2011-06-22 13:41:58"
"cnt_4e025467f28e7";"usr_4de5345b3b6a8";"trm_4c8a85a4564b2";"ERP strength minus baseline";"2011-06-22 13:45:27"
"cnt_4e025470a7e77";"usr_4de5345b3b6a8";"trm_4c8a85a4564b2";"BOLD activity during task minus baseline";"2011-06-22 13:45:36"
"cnt_4e025694022e0";"usr_4de5345b3b6a8";"trm_4b65e5e2ab3ca";"response time to non-matching minus response time to matching";"2011-06-22 13:54:44"
"cnt_4e02569dd0139";"usr_4de5345b3b6a8";"trm_4b65e5e2ab3ca";"accuracy of participant minus average accuracy of controls";"2011-06-22 13:54:53"
"cnt_4e025d79cc9f9";"usr_4de5345b3b6a8";"trm_4c8a85c5c75eb";"pressure exerted by participant minus average pressure";"2011-06-22 14:24:09"
"cnt_4e025d8d96ecf";"usr_4de5345b3b6a8";"trm_4c8a85c5c75eb";"accuracy of participant minus average accuracy of controls";"2011-06-22 14:24:29"
"cnt_4e02624559a17";"usr_4de5345b3b6a8";"trm_4c8a830dec136";"areas of activation during task minus baseline";"2011-06-22 14:44:37"
"cnt_4e02624cbd6c7";"usr_4de5345b3b6a8";"trm_4c8a830dec136";"BOLD activity during task minus baseline";"2011-06-22 14:44:44"
"cnt_4e026543eae67";"usr_4de5345b3b6a8";"trm_4c8a8329cb8ff";"areas of activation during task minus baseline";"2011-06-22 14:57:23"
"cnt_4e02654a92111";"usr_4de5345b3b6a8";"trm_4c8a8329cb8ff";"areas of activation during covert minus areas of activation during overt";"2011-06-22 14:57:30"
"cnt_4e0265502e5be";"usr_4de5345b3b6a8";"trm_4c8a8329cb8ff";"BOLD activity during task minus baseline";"2011-06-22 14:57:36"
"cnt_4e026dfa02b6d";"usr_4de5345b3b6a8";"tsk_4a57abb949d09";"standard deviation from the mean score";"2011-06-22 15:34:34"
"cnt_4e02713a45cdc";"usr_4de5345b3b6a8";"tsk_4a57abb949d09";"Trait Affect";"2011-06-22 15:48:26"
"cnt_4e027155c037c";"usr_4de5345b3b6a8";"tsk_4a57abb949d09";"State Affect";"2011-06-22 15:48:53"
"cnt_4e037a9a47d41";"usr_4de5345b3b6a8";"trm_4c8a83f27ac55";"accuracy of participant minus average accuracy of controls";"2011-06-23 10:40:42"
"cnt_4e038151ee9fb";"usr_4de5345b3b6a8";"trm_4c8989e1f3df7";"pain at baseling minus pain during acupunture";"2011-06-23 11:09:21"
"cnt_4e0381ab6d190";"usr_4de5345b3b6a8";"trm_4c8989e1f3df7";"areas of activation during task minus baseline";"2011-06-23 11:10:51"
"cnt_4e038ad0147d7";"usr_4de5345b3b6a8";"tsk_4a57abb949889";"accuracy without distractors minus accuracy with distractors";"2011-06-23 11:49:52"
"cnt_4e038b1c6fd1f";"usr_4de5345b3b6a8";"tsk_4a57abb949889";"reaction time of participant minus average reaction time of controls";"2011-06-23 11:51:08"
"cnt_4e038ba42d3a7";"usr_4de5345b3b6a8";"tsk_4a57abb949889";"reaction time (to detect target) to one stimulus minus reaction time to paired stimuli";"2011-06-23 11:53:24"
"cnt_4e038e680bd57";"usr_4de5345b3b6a8";"trm_4c898a20eb254";"Early Blind";"2011-06-23 12:05:12"
"cnt_4e038e90bd3e7";"usr_4de5345b3b6a8";"trm_4c898a20eb254";"Late Blind";"2011-06-23 12:05:52"
"cnt_4e03951a4914c";"usr_4de5345b3b6a8";"trm_4c898a20eb254";"areas of activation of early blind minus areas of activation of late blind";"2011-06-23 12:33:46"
"cnt_4e039557ad404";"usr_4de5345b3b6a8";"trm_4c898a20eb254";"areas of activation while reading words or sentences minus reading control dots";"2011-06-23 12:34:47"
"cnt_4e0399bbae0ed";"usr_4de5345b3b6a8";"trm_4c898a8fd3afb";"areas of activation during task minus baseline";"2011-06-23 12:53:31"
"cnt_4e5e7c658c494";"usr_4e4a7f57b30e6";"trm_4e5e7ac84c2e5";"Stimulation at PT-0.7Â°C minus Baseline";"2011-08-31 11:24:37"
"cnt_4e5e7c5149eec";"usr_4e4a7f57b30e6";"trm_4e5e7ac84c2e5";"Stimulation at PT-1.0Â°C minus Baseline";"2011-08-31 11:24:17"
"cnt_4e03ae76b40ab";"usr_4de5345b3b6a8";"trm_4c898fad429ed";"average degrees of movement minus participant degrees of movement";"2011-06-23 14:21:58"
"cnt_4e03b364135e2";"usr_4de5345b3b6a8";"tsk_4a57abb949b46";"participant&#39;s responses vs. Nash equilibrium equation";"2011-06-23 14:43:00"
"cnt_4e03b6ae397cc";"usr_4de5345b3b6a8";"trm_4c8990c87035d";"areas of activation during task minus baseline";"2011-06-23 14:57:02"
"cnt_4e03b8b959bc9";"usr_4de5345b3b6a8";"trm_4c8990e187dc7";"areas of activation during task minus baseline";"2011-06-23 15:05:45"
"cnt_4e03b8c2457b4";"usr_4de5345b3b6a8";"trm_4c8990e187dc7";"accuracy of participant minus average accuracy of controls";"2011-06-23 15:05:54"
"cnt_4e03bc67764f5";"usr_4de5345b3b6a8";"trm_4d55997cd3edb";"response time to risky choices minus response time to non-risky choices";"2011-06-23 15:21:27"
"cnt_4e03bc8177610";"usr_4de5345b3b6a8";"trm_4d55997cd3edb";"number of participant&#39;s risky choices minus average number of risky choices";"2011-06-23 15:21:53"
"cnt_4e08ed0d8815f";"usr_4de5345b3b6a8";"trm_4da88c904862b";"converted A and B error score";"2011-06-27 13:50:21"
"cnt_4e08ed6a4d30d";"usr_4de5345b3b6a8";"trm_4da88c904862b";"Initiation";"2011-06-27 13:51:54"
"cnt_4e08ed9422f36";"usr_4de5345b3b6a8";"trm_4da88c904862b";"Inhibition";"2011-06-27 13:52:36"
"cnt_4e08edac14ee7";"usr_4de5345b3b6a8";"trm_4da88c904862b";"Initiation minus Inhibition";"2011-06-27 13:53:00"
"cnt_4e08f52d8255d";"usr_4de5345b3b6a8";"tsk_4a57abb949b1c";"0-back";"2011-06-27 14:25:01"
"cnt_4e08f54b8a426";"usr_4de5345b3b6a8";"tsk_4a57abb949b1c";"1-back";"2011-06-27 14:25:31"
"cnt_4e08f563a47ed";"usr_4de5345b3b6a8";"tsk_4a57abb949b1c";"2-back";"2011-06-27 14:25:55"
"cnt_4e08f5a26773d";"usr_4de5345b3b6a8";"tsk_4a57abb949b1c";"3-back";"2011-06-27 14:26:58"
"cnt_4e08f5aa73703";"usr_4de5345b3b6a8";"tsk_4a57abb949b1c";"3-back minus 0-back";"2011-06-27 14:27:06"
"cnt_4e08fb9717d43";"usr_4de5345b3b6a8";"tsk_4a57abb949de3";"supra-span minus span";"2011-06-27 14:52:23"
"cnt_4e08fdee5aec9";"usr_4de5345b3b6a8";"tsk_4a57abb94981d";"immediate accuracy minus delayed accuracy";"2011-06-27 15:02:22"
"cnt_4e08fe051b67b";"usr_4de5345b3b6a8";"tsk_4a57abb94981d";"accuracy for meaningful actions minus accuracy for meaningless actions";"2011-06-27 15:02:45"
"cnt_4e08fe37729fc";"usr_4de5345b3b6a8";"tsk_4a57abb94981d";"standard deviation from the mean accuracy score";"2011-06-27 15:03:35"
"cnt_4e08fefbf0382";"usr_4de5345b3b6a8";"tsk_4a57abb949846";"standard deviation from the mean accuracy score";"2011-06-27 15:06:51"
"cnt_4e31e4ff71f3c";"usr_4e31cbdaeab0d";"trm_4e31d031bc8c2";"cue onset asynchrony ";"2011-07-28 15:38:55"
"cnt_4e31e8204dad4";"usr_4e31cbdaeab0d";"trm_4e31d69b7f422";"cue onset asynchrony";"2011-07-28 15:52:16"
"cnt_4e41708078f47";"usr_49a467bf4e0db";"tsk_4a57abb949e27";"Incongruent minus neutral";"2011-08-09 10:38:08"
"cnt_4e495afedc2df";"usr_4e42a3196fbcd";"trm_4c8989e1f3df7";"active versus sham";"2011-08-15 10:44:30"
"cnt_4e495e81b3a05";"usr_4e42a3196fbcd";"trm_4da88b8b60ffb";"Switch minus No-Switch";"2011-08-15 10:59:29"
"cnt_4e496d0e46a77";"usr_4e42a3196fbcd";"trm_4da6304c9aa23";"Cue minus no cue: attention orienting";"2011-08-15 12:01:34"
"cnt_4e496d475896c";"usr_4e42a3196fbcd";"trm_4da6304c9aa23";"Spatial cue minus double cue: orienting efficiency";"2011-08-15 12:02:31"
"cnt_4e496d6e12225";"usr_4e42a3196fbcd";"trm_4da6304c9aa23";"Incongruent minus congruent: Executive network efficiency";"2011-08-15 12:03:10"
"cnt_4e552738a229c";"usr_4e4a7f57b30e6";"trm_4e550887d92de";"Baseline minus heat stimulation";"2011-08-24 09:30:48"
"cnt_4e5bbed9bd8ae";"usr_4e4a7f57b30e6";"trm_4e5bb14d814a8";"Body ownership minus no body ownership";"2011-08-29 09:31:21"
"cnt_4e5d087f98fb2";"usr_4e4a7f57b30e6";"trm_4e5d07565b68e";"Noxious minus non-noxious stimulation";"2011-08-30 08:57:51"
"cnt_4e5fcfb15979e";"usr_4e4a7f57b30e6";"trm_4e5fcd75efb58";"Cold pain vs. Baseline";"2011-09-01 11:32:17"
"cnt_4e5fcfc70842b";"usr_4e4a7f57b30e6";"trm_4e5fcd75efb58";"Cool vs. Baseline";"2011-09-01 11:32:39"
"cnt_4e5fcfe2883a1";"usr_4e4a7f57b30e6";"trm_4e5fcd75efb58";"Thermal Grill vs. Baseline";"2011-09-01 11:33:06"
"cnt_4e5fcff423ea1";"usr_4e4a7f57b30e6";"trm_4e5fcd75efb58";"Warm vs. Baseline";"2011-09-01 11:33:24"
"cnt_4e5fd004d47d7";"usr_4e4a7f57b30e6";"trm_4e5fcd75efb58";"Heat pain vs. Baseline";"2011-09-01 11:33:40"
"cnt_4e611331826a0";"usr_4e4a7f57b30e6";"trm_4e6112759926e";"Pain versus No Pain";"2011-09-02 10:32:33"
"cnt_4e61222e46c9c";"usr_4e4a7f57b30e6";"trm_4e6114e7b1ff2";"Pain versus No Pain";"2011-09-02 11:36:30"
"cnt_4e664e2ed4231";"usr_4e4a7f57b30e6";"trm_4e664d3718e1b";"Noxious Cold minus Innocuous Cool";"2011-09-06 09:45:34"
"cnt_4e664e4c90bf1";"usr_4e4a7f57b30e6";"trm_4e664d3718e1b";"Innocuous Cool minus Neutral";"2011-09-06 09:46:04"
"cnt_4e68e16ce673d";"usr_4e4a7f57b30e6";"trm_4e68e08950157";"Painful versus Baseline ";"2011-09-08 08:38:20"
"cnt_4e68e188bfadc";"usr_4e4a7f57b30e6";"trm_4e68e08950157";"Non-Painful versus Baseline";"2011-09-08 08:38:48"
"cnt_4e68e1b3598ac";"usr_4e4a7f57b30e6";"trm_4e68e08950157";"Painful versus Non-Painful";"2011-09-08 08:39:31"
"cnt_4e6a2fce43903";"usr_4e4a7f57b30e6";"trm_4e6a2f61b17b0";"Capsaicin-Evoked Pain versus Rest";"2011-09-09 08:25:02"
"cnt_4e6a34f8c2f2c";"usr_4e4a7f57b30e6";"trm_4e5662373bc89";"Heat Stimulation versus Baseline";"2011-09-09 08:47:04"
"cnt_4e6a45ef2fdb1";"usr_4e4a7f57b30e6";"trm_4e6a44ee854f8";"Cold Task versus Baseline";"2011-09-09 09:59:27"
"cnt_4e6a4602d08c8";"usr_4e4a7f57b30e6";"trm_4e6a44ee854f8";"Pain Task versus Cold Task";"2011-09-09 09:59:46"
"cnt_4ebca1f15eb7d";"usr_4cf5de07654c8";"trm_4cacf3fbc503b";"successful stop";"2011-11-10 20:17:53"
"cnt_4ebca202935c6";"usr_4cf5de07654c8";"trm_4cacf3fbc503b";"	Failed stop - critical ";"2011-11-10 20:18:10"
"cnt_4ebca22149619";"usr_4cf5de07654c8";"trm_4cacf3fbc503b";"Failed stop - noncritical ";"2011-11-10 20:18:41"
"cnt_4ebca2351bb79";"usr_4cf5de07654c8";"trm_4cacf3fbc503b";"Junk ";"2011-11-10 20:19:01"
"cnt_4ebca72d737c1";"usr_4cf5de07654c8";"trm_4e8dd3831f0cc";"deterministic classification trials";"2011-11-10 20:40:13"
"cnt_4ebca8b8bb859";"usr_4cf5de07654c8";"trm_4e8dd3dfd9fff";"blocks of both probabilistic classification trials and deterministic classification trials";"2011-11-10 20:46:48"
"cnt_4ebca9e1d3a16";"usr_4cf5de07654c8";"trm_4ebc6a6b75ebf";"tone counting trials";"2011-11-10 20:51:45"
"cnt_4ebcaa463d20e";"usr_4cf5de07654c8";"trm_4ebc98cc77e7b";"classification learning trials";"2011-11-10 20:53:26"
"cnt_4ebcaa52e7dbd";"usr_4cf5de07654c8";"trm_4ebc98cc77e7b";"tone-counting";"2011-11-10 20:53:38"
"cnt_4ebcaa755a7e5";"usr_4cf5de07654c8";"trm_4ebc728326a13";"classification learning trials";"2011-11-10 20:54:13"
"cnt_4ebcaad4c41d7";"usr_4cf5de07654c8";"trm_4ebc9d2e397f2";"classification learning trials";"2011-11-10 20:55:48"
"cnt_4f41830a3d5a9";"usr_49a467bf4e0db";"tsk_4a57abb9499ff";"number of correctly recalled items";"2012-02-19 15:17:30"
